<?xml version="1.0" ?>
<variables>
	<group name="grid">
		<variable name="column-width">40px</variable>
		<variable name="gutter-width">20px</variable>
		<variable name="column-count">12</variable>
		<variable name="baseline">18px</variable>
	</group>
	<group name="color">
		<variable name="base">#e2e2e1</variable>
		<variable name="highlight">#fe8d12</variable>
		<variable name="page">#fff</variable>
	</group>
	<group name="var">
		<variable name="reset">0</variable>
		<variable name="blockElements">body,div,dl,dt,dd,ul,ol,li,h1,h2,h3,h4,h5,h6,pre,code,form,fieldset,legend,input,textarea,p,blockquote,th,td</variable>
	</group>
</variables>